Loan_ID,Gender,Married,Dependents,Education,Self_Employed,ApplicantIncome,CoapplicantIncome,LoanAmount,Loan_Amount_Term,Property_Area,Loan_Status,CIBIL_Score
LP001002,Male,No,0,Graduate,No,467920,0.0,,360.0,Urban,Y,782
LP001003,Male,Yes,1,Graduate,No,366640,120640.0,10240000.0,360.0,Rural,N,772
LP001005,Male,Yes,0,Graduate,Yes,240000,0.0,5280000.0,360.0,Urban,Y,694
LP001006,Male,Yes,0,Not Graduate,No,206640,188640.0,9600000.0,360.0,Urban,Y,786
LP001008,Male,No,0,Graduate,No,480000,0.0,11280000.0,360.0,Urban,Y,751
LP001011,Male,Yes,2,Graduate,Yes,433360,335680.0,21360000.0,360.0,Urban,Y,700
LP001013,Male,Yes,0,Not Graduate,No,186640,121280.0,7600000.0,360.0,Urban,Y,782
LP001014,Male,Yes,3+,Graduate,No,242880,200320.0,12640000.0,360.0,Semiurban,N,421
LP001018,Male,Yes,2,Graduate,No,320480,122080.0,13440000.0,360.0,Urban,Y,754
LP001020,Male,Yes,1,Graduate,No,1027280,877440.0,27920000.0,360.0,Semiurban,N,767
LP001024,Male,Yes,2,Graduate,No,256000,56000.0,5600000.0,360.0,Urban,Y,796
LP001027,Male,Yes,2,Graduate,,200000,147200.0,8720000.0,360.0,Urban,Y,779
LP001028,Male,Yes,2,Graduate,No,245840,648480.0,16000000.0,360.0,Urban,Y,783
LP001029,Male,No,0,Graduate,No,148240,227200.0,9120000.0,360.0,Rural,N,831
LP001030,Male,Yes,2,Graduate,No,103920,86880.0,1360000.0,120.0,Urban,Y,810
LP001032,Male,No,0,Graduate,No,396000,0.0,10000000.0,360.0,Urban,Y,829
LP001034,Male,No,1,Not Graduate,No,287680,0.0,8000000.0,240.0,Urban,Y,552
LP001036,Female,No,0,Graduate,No,280800,0.0,6080000.0,360.0,Urban,N,557
LP001038,Male,Yes,0,Not Graduate,No,390960,0.0,10640000.0,360.0,Rural,N,767
LP001041,Male,Yes,0,Graduate,,208000,280000.0,9200000.0,,Urban,Y,837
LP001043,Male,Yes,0,Not Graduate,No,612800,0.0,8320000.0,360.0,Urban,N,593
LP001046,Male,Yes,1,Graduate,No,476400,450000.0,25200000.0,360.0,Urban,Y,809
LP001047,Male,Yes,0,Not Graduate,No,208000,152880.0,9280000.0,360.0,Semiurban,N,491
LP001050,,Yes,2,Not Graduate,No,269200,153360.0,8960000.0,360.0,Rural,N,576
LP001052,Male,Yes,1,Graduate,,297360,234000.0,12080000.0,360.0,Semiurban,N,660
LP001066,Male,Yes,0,Graduate,Yes,764800,0.0,15280000.0,360.0,Semiurban,Y,737
LP001068,Male,Yes,0,Graduate,No,223920,180240.0,9760000.0,360.0,Semiurban,Y,701
LP001073,Male,Yes,2,Not Graduate,No,338080,83200.0,8800000.0,360.0,Urban,Y,768
LP001086,Male,No,0,Not Graduate,No,115360,0.0,2800000.0,360.0,Urban,N,728
LP001087,Female,No,2,Graduate,,300000,166640.0,9600000.0,360.0,Semiurban,Y,738
LP001091,Male,Yes,1,Graduate,,333280,269520.0,16080000.0,360.0,Urban,N,669
LP001095,Male,No,0,Graduate,No,253360,0.0,5920000.0,360.0,Urban,N,694
LP001097,Male,No,1,Graduate,Yes,375360,0.0,8480000.0,360.0,Rural,N,730
LP001098,Male,Yes,0,Graduate,No,280000,133360.0,9120000.0,360.0,Semiurban,Y,787
LP001100,Male,No,3+,Graduate,No,1000000,240000.0,25600000.0,360.0,Rural,N,734
LP001106,Male,Yes,0,Graduate,No,182000,165360.0,,360.0,Urban,Y,743
LP001109,Male,Yes,0,Graduate,No,146240,106400.0,8000000.0,,Urban,N,430
LP001112,Female,Yes,0,Graduate,No,293360,116720.0,11520000.0,360.0,Semiurban,Y,730
LP001114,Male,No,0,Graduate,No,333280,576800.0,14720000.0,360.0,Urban,Y,814
LP001116,Male,No,0,Not Graduate,No,299840,133440.0,8800000.0,360.0,Semiurban,Y,700
LP001119,Male,No,0,Graduate,No,288000,0.0,6400000.0,360.0,Urban,N,752
LP001120,Male,No,0,Graduate,No,144000,97040.0,3760000.0,360.0,Urban,Y,846
LP001123,Male,Yes,0,Graduate,No,192000,0.0,6000000.0,360.0,Urban,Y,517
LP001131,Male,Yes,0,Graduate,No,315280,186880.0,10720000.0,360.0,Semiurban,Y,811
LP001136,Male,Yes,0,Not Graduate,Yes,375600,0.0,7680000.0,,Urban,Y,768
LP001137,Female,No,0,Graduate,No,272800,0.0,7040000.0,,Urban,Y,739
LP001138,Male,Yes,1,Graduate,No,451920,0.0,3520000.0,360.0,Urban,Y,693
LP001144,Male,Yes,0,Graduate,No,465680,0.0,11520000.0,360.0,Urban,Y,688
LP001146,Female,Yes,0,Graduate,No,211600,275200.0,9600000.0,360.0,Urban,N,645
LP001151,Female,No,0,Graduate,No,320000,182000.0,11520000.0,360.0,Semiurban,Y,732
LP001155,Female,Yes,0,Not Graduate,No,154240,131520.0,8000000.0,360.0,Semiurban,Y,809
LP001157,Female,No,0,Graduate,No,246880,0.0,9600000.0,360.0,Semiurban,Y,763
LP001164,Female,No,0,Graduate,No,338400,0.0,8960000.0,360.0,Semiurban,N,771
LP001179,Male,Yes,2,Graduate,No,369280,0.0,10720000.0,360.0,Urban,N,790
LP001186,Female,Yes,1,Graduate,Yes,920000,0.0,22880000.0,360.0,Urban,N,563
LP001194,Male,Yes,2,Graduate,No,216640,93360.0,7760000.0,360.0,Semiurban,Y,714
LP001195,Male,Yes,0,Graduate,No,170560,127280.0,7680000.0,360.0,Semiurban,Y,760
LP001197,Male,Yes,0,Graduate,No,269280,176000.0,10800000.0,360.0,Rural,N,843
LP001198,Male,Yes,1,Graduate,No,646400,180000.0,14400000.0,360.0,Urban,Y,729
LP001199,Male,Yes,2,Not Graduate,No,268560,228720.0,11520000.0,360.0,Urban,Y,783
LP001205,Male,Yes,0,Graduate,No,200000,303680.0,9600000.0,360.0,Urban,Y,811
LP001206,Male,Yes,3+,Graduate,No,242320,0.0,7920000.0,360.0,Urban,Y,681
LP001207,Male,Yes,0,Not Graduate,Yes,208720,275920.0,13200000.0,180.0,Rural,N,353
LP001213,Male,Yes,1,Graduate,No,395600,0.0,,360.0,Rural,N,405
LP001222,Female,No,0,Graduate,No,333280,0.0,9280000.0,360.0,Semiurban,N,559
LP001225,Male,Yes,0,Graduate,No,458080,367600.0,20640000.0,360.0,Semiurban,N,733
LP001228,Male,No,0,Not Graduate,No,256000,180320.0,10080000.0,180.0,Urban,N,490
LP001233,Male,Yes,1,Graduate,No,860000,0.0,24960000.0,360.0,Urban,Y,825
LP001238,Male,Yes,3+,Not Graduate,Yes,568000,0.0,10000000.0,60.0,Urban,Y,723
LP001241,Female,No,0,Graduate,No,344000,0.0,10880000.0,360.0,Semiurban,N,461
LP001243,Male,Yes,0,Graduate,No,256640,245280.0,13760000.0,360.0,Urban,Y,693
LP001245,Male,Yes,2,Not Graduate,Yes,150000,150000.0,7760000.0,360.0,Semiurban,Y,774
LP001248,Male,No,0,Graduate,No,280000,0.0,6480000.0,300.0,Semiurban,Y,727
LP001250,Male,Yes,3+,Not Graduate,No,380400,0.0,7600000.0,,Semiurban,N,570
LP001253,Male,Yes,3+,Graduate,Yes,421280,141920.0,14960000.0,360.0,Semiurban,Y,719
LP001255,Male,No,0,Graduate,No,300000,0.0,9040000.0,480.0,Urban,N,761
LP001256,Male,No,0,Graduate,No,300000,380000.0,14080000.0,360.0,Urban,N,790
LP001259,Male,Yes,1,Graduate,Yes,80000,241760.0,8800000.0,360.0,Urban,N,732
LP001263,Male,Yes,3+,Graduate,No,253360,320000.0,14400000.0,300.0,Semiurban,N,579
LP001264,Male,Yes,3+,Not Graduate,Yes,266640,173280.0,10400000.0,360.0,Semiurban,Y,653
LP001265,Female,No,0,Graduate,No,307680,0.0,8880000.0,360.0,Semiurban,Y,803
LP001266,Male,Yes,1,Graduate,Yes,191600,0.0,,360.0,Semiurban,Y,720
LP001267,Female,Yes,2,Graduate,No,110240,150480.0,13360000.0,360.0,Urban,N,836
LP001273,Male,Yes,0,Graduate,No,480000,180000.0,21200000.0,360.0,Semiurban,N,514
LP001275,Male,Yes,1,Graduate,No,319040,0.0,4000000.0,240.0,Urban,Y,724
LP001279,Male,No,0,Graduate,No,189280,202480.0,10880000.0,360.0,Semiurban,Y,744
LP001280,Male,Yes,2,Not Graduate,No,266640,160000.0,7920000.0,360.0,Semiurban,Y,588
LP001282,Male,Yes,0,Graduate,No,200000,169440.0,8320000.0,360.0,Semiurban,Y,750
LP001289,Male,No,0,Graduate,No,685280,0.0,16800000.0,360.0,Urban,Y,688
LP001310,Male,Yes,0,Graduate,No,455600,333360.0,14000000.0,360.0,Semiurban,Y,767
LP001316,Male,Yes,0,Graduate,No,236640,232000.0,10480000.0,360.0,Semiurban,Y,808
LP001318,Male,Yes,2,Graduate,No,500000,452320.0,15040000.0,180.0,Semiurban,Y,815
LP001319,Male,Yes,2,Not Graduate,No,261840,145600.0,6480000.0,360.0,Urban,Y,742
LP001322,Male,No,0,Graduate,No,330640,0.0,9760000.0,360.0,Semiurban,Y,818
LP001325,Male,No,0,Not Graduate,No,289600,0.0,2000000.0,120.0,Semiurban,Y,760
LP001326,Male,No,0,Graduate,,542560,0.0,,360.0,Urban,N,635
LP001327,Female,Yes,0,Graduate,No,198720,184160.0,10960000.0,360.0,Semiurban,Y,842
LP001333,Male,Yes,0,Graduate,No,158160,79760.0,4000000.0,360.0,Semiurban,Y,842
LP001334,Male,Yes,0,Not Graduate,No,335040,0.0,9200000.0,180.0,Semiurban,Y,712
LP001343,Male,Yes,0,Graduate,No,140720,283280.0,10480000.0,360.0,Semiurban,Y,802
LP001345,Male,Yes,2,Not Graduate,No,343040,261040.0,10640000.0,180.0,Urban,Y,684
LP001349,Male,No,0,Graduate,No,387440,304480.0,12080000.0,360.0,Semiurban,Y,720
LP001350,Male,Yes,,Graduate,No,1092000,0.0,,360.0,Urban,Y,707
LP001356,Male,Yes,0,Graduate,No,372160,286640.0,,360.0,Semiurban,Y,814
LP001357,Male,,,Graduate,No,305280,60320.0,12800000.0,360.0,Urban,Y,751
LP001367,Male,Yes,1,Graduate,No,244160,82400.0,8000000.0,360.0,Urban,Y,691
LP001369,Male,Yes,2,Graduate,No,913360,90080.0,18000000.0,360.0,Urban,Y,841
LP001370,Male,No,0,Not Graduate,,586640,0.0,9600000.0,360.0,Rural,N,712
LP001379,Male,Yes,2,Graduate,No,304000,288000.0,17280000.0,360.0,Urban,N,347
LP001384,Male,Yes,3+,Not Graduate,No,165680,60320.0,7520000.0,480.0,Semiurban,Y,830
LP001385,Male,No,0,Graduate,No,425280,0.0,10880000.0,360.0,Urban,Y,741
LP001387,Female,Yes,0,Graduate,,234320,186640.0,11120000.0,360.0,Semiurban,Y,716
LP001391,Male,Yes,0,Not Graduate,No,285760,329120.0,12160000.0,,Rural,N,398
LP001392,Female,No,1,Graduate,Yes,596080,0.0,,360.0,Semiurban,Y,783
LP001398,Male,No,0,Graduate,,404000,0.0,9440000.0,360.0,Semiurban,Y,714
LP001401,Male,Yes,1,Graduate,No,1166640,0.0,14800000.0,180.0,Rural,Y,780
LP001404,Female,Yes,0,Graduate,No,253360,182640.0,12320000.0,360.0,Semiurban,Y,810
LP001405,Male,Yes,1,Graduate,No,177120,111840.0,6800000.0,360.0,Urban,Y,500
LP001421,Male,Yes,0,Graduate,No,445440,171360.0,14000000.0,360.0,Rural,N,684
LP001422,Female,No,0,Graduate,No,832640,0.0,20720000.0,360.0,Urban,Y,821
LP001426,Male,Yes,,Graduate,No,453360,213360.0,14400000.0,360.0,Rural,Y,782
LP001430,Female,No,0,Graduate,No,333280,0.0,3520000.0,360.0,Semiurban,Y,706
LP001431,Female,No,0,Graduate,No,170960,718400.0,10960000.0,360.0,Semiurban,Y,506
LP001432,Male,Yes,2,Graduate,No,236560,0.0,6480000.0,360.0,Semiurban,Y,694
LP001439,Male,Yes,0,Not Graduate,No,344000,161120.0,15520000.0,360.0,Rural,Y,769
LP001443,Female,No,0,Graduate,No,295360,0.0,7440000.0,360.0,Rural,Y,541
LP001448,,Yes,3+,Graduate,No,1904240,0.0,29600000.0,360.0,Rural,Y,803
LP001449,Male,No,0,Graduate,No,309200,131200.0,,360.0,Rural,Y,742
LP001451,Male,Yes,1,Graduate,Yes,841040,308000.0,12800000.0,180.0,Urban,N,530
LP001465,Male,Yes,0,Graduate,No,486400,205520.0,14560000.0,360.0,Rural,N,740
LP001469,Male,No,0,Graduate,Yes,1613280,0.0,52000000.0,480.0,Urban,Y,551
LP001473,Male,No,0,Graduate,No,161120,154320.0,5920000.0,360.0,Urban,Y,775
LP001478,Male,No,0,Graduate,No,217440,0.0,5600000.0,360.0,Semiurban,Y,811
LP001482,Male,Yes,0,Graduate,Yes,276720,0.0,2000000.0,120.0,Semiurban,Y,830
LP001487,Male,No,0,Graduate,No,391600,0.0,8160000.0,360.0,Semiurban,Y,822
LP001488,Male,Yes,3+,Graduate,No,320000,620000.0,23200000.0,360.0,Semiurban,N,708
LP001489,Female,Yes,0,Graduate,No,366640,0.0,6720000.0,360.0,Rural,N,715
LP001491,Male,Yes,2,Graduate,Yes,265280,280000.0,7040000.0,360.0,Urban,Y,692
LP001492,Male,No,0,Graduate,No,1199920,0.0,19360000.0,360.0,Semiurban,N,459
LP001493,Male,Yes,2,Not Graduate,No,336000,114400.0,10320000.0,360.0,Rural,N,750
LP001497,Male,Yes,2,Graduate,No,403360,166640.0,14800000.0,360.0,Rural,N,765
LP001498,Male,No,0,Graduate,No,433360,0.0,13440000.0,360.0,Urban,Y,707
LP001504,Male,No,0,Graduate,Yes,556000,0.0,14000000.0,180.0,Semiurban,Y,745
LP001507,Male,Yes,0,Graduate,No,215840,162720.0,9760000.0,360.0,Semiurban,Y,849
LP001508,Male,Yes,2,Graduate,No,940560,0.0,14960000.0,180.0,Urban,Y,724
LP001514,Female,Yes,0,Graduate,No,186400,358880.0,8000000.0,360.0,Semiurban,Y,741
LP001516,Female,Yes,2,Graduate,No,1189280,0.0,5600000.0,360.0,Urban,Y,813
LP001518,Male,Yes,1,Graduate,No,123040,114000.0,2400000.0,360.0,Urban,Y,707
LP001519,Female,No,0,Graduate,No,800000,133280.0,18000000.0,360.0,Rural,N,707
LP001520,Male,Yes,0,Graduate,No,388800,66400.0,10000000.0,360.0,Semiurban,Y,787
LP001528,Male,No,0,Graduate,No,502160,0.0,9440000.0,360.0,Rural,N,343
LP001529,Male,Yes,0,Graduate,Yes,206160,300000.0,12160000.0,360.0,Rural,Y,763
LP001531,Male,No,0,Graduate,No,733280,0.0,19520000.0,360.0,Urban,N,709
LP001532,Male,Yes,2,Not Graduate,No,182480,0.0,9040000.0,360.0,Rural,N,754
LP001535,Male,No,0,Graduate,No,260320,0.0,4000000.0,360.0,Urban,Y,807
LP001536,Male,Yes,3+,Graduate,No,3199920,0.0,48000000.0,180.0,Semiurban,Y,647
LP001541,Male,Yes,1,Graduate,No,480000,0.0,12800000.0,360.0,Rural,Y,716
LP001543,Male,Yes,1,Graduate,No,763040,0.0,14960000.0,360.0,Urban,Y,808
LP001546,Male,No,0,Graduate,,238400,166640.0,9600000.0,360.0,Rural,Y,800
LP001552,Male,Yes,0,Graduate,No,366640,450000.0,20400000.0,360.0,Semiurban,Y,706
LP001560,Male,Yes,0,Not Graduate,No,149040,83280.0,7840000.0,360.0,Semiurban,Y,800
LP001562,Male,Yes,0,Graduate,No,634640,0.0,22000000.0,360.0,Urban,N,795
LP001565,Male,Yes,1,Graduate,No,247120,102400.0,9680000.0,360.0,Semiurban,N,532
LP001570,Male,Yes,2,Graduate,No,333360,115760.0,12640000.0,360.0,Rural,Y,682
LP001572,Male,Yes,0,Graduate,No,745840,0.0,6000000.0,180.0,Urban,Y,782
LP001574,Male,Yes,0,Graduate,No,296560,253280.0,14560000.0,,Rural,Y,834
LP001577,Female,Yes,0,Graduate,No,366640,0.0,8960000.0,360.0,Rural,N,816
LP001578,Male,Yes,0,Graduate,No,195120,266640.0,10320000.0,360.0,Rural,Y,741
LP001579,Male,No,0,Graduate,No,178960,0.0,5040000.0,480.0,Semiurban,N,464
LP001580,Male,Yes,2,Graduate,No,640000,0.0,16000000.0,360.0,Semiurban,Y,730
LP001581,Male,Yes,0,Not Graduate,,145600,141520.0,7600000.0,360.0,Rural,Y,831
LP001585,,Yes,3+,Graduate,No,4141040,0.0,56000000.0,300.0,Urban,Y,738
LP001586,Male,Yes,3+,Not Graduate,No,281760,0.0,6480000.0,180.0,Rural,N,797
LP001594,Male,Yes,0,Graduate,No,456640,450000.0,14960000.0,360.0,Semiurban,Y,839
LP001603,Male,Yes,0,Not Graduate,Yes,347520,58880.0,6960000.0,360.0,Semiurban,N,775
LP001606,Male,Yes,0,Graduate,No,279760,157120.0,9280000.0,360.0,Rural,Y,792
LP001608,Male,Yes,2,Graduate,No,163600,129520.0,8080000.0,360.0,Rural,Y,741
LP001610,Male,Yes,3+,Graduate,No,441280,904000.0,39600000.0,360.0,Semiurban,N,351
LP001616,Male,Yes,1,Graduate,No,300000,0.0,9280000.0,360.0,Semiurban,Y,691
LP001630,Male,No,0,Not Graduate,No,186640,116080.0,8160000.0,480.0,Urban,N,594
LP001633,Male,Yes,1,Graduate,No,512000,580000.0,14400000.0,360.0,Urban,N,412
LP001634,Male,No,0,Graduate,No,153280,405040.0,5360000.0,360.0,Rural,N,600
LP001636,Male,Yes,0,Graduate,No,368000,0.0,5840000.0,180.0,Semiurban,Y,792
LP001637,Male,Yes,1,Graduate,No,2707680,0.0,20800000.0,360.0,Semiurban,N,760
LP001639,Female,Yes,0,Graduate,No,290000,0.0,8640000.0,360.0,Semiurban,Y,792
LP001640,Male,Yes,0,Graduate,Yes,3131760,380000.0,9600000.0,360.0,Semiurban,Y,681
LP001641,Male,Yes,1,Graduate,Yes,174240,0.0,5280000.0,300.0,Rural,N,429
LP001643,Male,Yes,0,Graduate,No,190640,171040.0,4640000.0,360.0,Rural,Y,719
LP001644,,Yes,0,Graduate,Yes,53920,423680.0,13440000.0,360.0,Rural,Y,733
LP001647,Male,Yes,0,Graduate,No,746240,0.0,15040000.0,180.0,Rural,Y,766
LP001653,Male,No,0,Not Graduate,No,390800,0.0,3840000.0,360.0,Rural,Y,808
LP001656,Male,No,0,Graduate,No,960000,0.0,13120000.0,360.0,Semiurban,N,826
LP001657,Male,Yes,0,Not Graduate,No,482640,0.0,12800000.0,360.0,Urban,N,805
LP001658,Male,No,0,Graduate,No,308640,0.0,6080000.0,360.0,Semiurban,Y,809
LP001664,Male,No,0,Graduate,No,335280,0.0,9600000.0,360.0,Rural,Y,732
LP001665,Male,Yes,1,Graduate,No,250000,206640.0,13600000.0,360.0,Semiurban,N,839
LP001666,Male,No,0,Graduate,No,666640,300000.0,14960000.0,360.0,Rural,Y,839
LP001669,Female,No,0,Not Graduate,No,152560,189200.0,9600000.0,,Urban,Y,747
LP001671,Female,Yes,0,Graduate,No,273280,225280.0,9040000.0,360.0,Semiurban,Y,682
LP001673,Male,No,0,Graduate,Yes,880000,0.0,6640000.0,360.0,Urban,N,802
LP001674,Male,Yes,1,Not Graduate,No,208000,200000.0,7200000.0,360.0,Semiurban,Y,824
LP001677,Male,No,2,Graduate,No,393840,0.0,13280000.0,360.0,Semiurban,Y,554
LP001682,Male,Yes,3+,Not Graduate,No,319360,0.0,,180.0,Urban,N,717
LP001688,Male,Yes,1,Not Graduate,No,280000,86640.0,10800000.0,360.0,Urban,Y,703
LP001691,Male,Yes,2,Not Graduate,No,313360,0.0,9920000.0,360.0,Semiurban,Y,748
LP001692,Female,No,0,Not Graduate,No,352640,0.0,9600000.0,360.0,Semiurban,Y,795
LP001693,Female,No,0,Graduate,No,259520,0.0,6400000.0,360.0,Urban,Y,777
LP001698,Male,No,0,Not Graduate,No,318000,202480.0,4400000.0,360.0,Rural,Y,818
LP001699,Male,No,0,Graduate,No,198320,0.0,4720000.0,360.0,Urban,Y,823
LP001702,Male,No,0,Graduate,No,273440,0.0,10160000.0,360.0,Semiurban,N,776
LP001708,Female,No,0,Graduate,No,800000,0.0,17120000.0,360.0,Semiurban,N,803
LP001711,Male,Yes,3+,Graduate,No,274400,100000.0,10240000.0,360.0,Semiurban,N,486
LP001713,Male,Yes,1,Graduate,Yes,622960,0.0,19200000.0,360.0,Urban,Y,749
LP001715,Male,Yes,3+,Not Graduate,Yes,456240,0.0,10400000.0,360.0,Rural,Y,772
LP001716,Male,Yes,0,Graduate,No,253840,241680.0,10960000.0,360.0,Urban,Y,682
LP001720,Male,Yes,3+,Not Graduate,No,308000,78640.0,8000000.0,360.0,Semiurban,Y,827
LP001722,Male,Yes,0,Graduate,No,12000,144000.0,10800000.0,360.0,Rural,N,843
LP001726,Male,Yes,0,Graduate,No,298160,142000.0,10480000.0,360.0,Semiurban,Y,826
LP001732,Male,Yes,2,Graduate,,400000,0.0,5760000.0,360.0,Semiurban,N,645
LP001734,Female,Yes,2,Graduate,No,342640,190640.0,10160000.0,360.0,Semiurban,Y,694
LP001736,Male,Yes,0,Graduate,No,177680,0.0,4800000.0,360.0,Urban,N,446
LP001743,Male,Yes,2,Graduate,No,320720,137360.0,9280000.0,360.0,Semiurban,Y,827
LP001744,Male,No,0,Graduate,No,237680,223280.0,11520000.0,360.0,Semiurban,Y,775
LP001749,Male,Yes,0,Graduate,No,606240,80800.0,14000000.0,,Semiurban,Y,731
LP001750,Male,Yes,0,Graduate,No,500000,0.0,10240000.0,360.0,Semiurban,Y,840
LP001751,Male,Yes,0,Graduate,No,260000,0.0,13600000.0,360.0,Rural,N,847
LP001754,Male,Yes,,Not Graduate,Yes,378800,0.0,11040000.0,360.0,Urban,N,807
LP001758,Male,Yes,2,Graduate,No,500000,135600.0,16800000.0,360.0,Semiurban,Y,718
LP001760,Male,,,Graduate,No,380640,0.0,12640000.0,480.0,Semiurban,Y,761
LP001761,Male,No,0,Graduate,Yes,512000,0.0,16000000.0,360.0,Rural,Y,783
LP001765,Male,Yes,1,Graduate,No,199280,164320.0,8320000.0,360.0,Semiurban,Y,808
LP001768,Male,Yes,0,Graduate,,297280,0.0,3360000.0,180.0,Rural,Y,690
LP001770,Male,No,0,Not Graduate,No,255120,207840.0,9600000.0,,Rural,Y,830
LP001776,Female,No,0,Graduate,No,666640,0.0,22400000.0,360.0,Semiurban,Y,838
LP001778,Male,Yes,1,Graduate,No,252400,142320.0,11200000.0,360.0,Semiurban,Y,721
LP001784,Male,Yes,1,Graduate,No,440000,100800.0,13600000.0,360.0,Rural,Y,778
LP001786,Male,Yes,0,Graduate,,459680,0.0,20400000.0,360.0,Urban,N,506
LP001788,Female,No,0,Graduate,Yes,277040,0.0,9760000.0,360.0,Urban,Y,643
LP001790,Female,No,1,Graduate,No,304960,0.0,8960000.0,360.0,Rural,Y,769
LP001792,Male,Yes,1,Graduate,No,265200,0.0,7680000.0,360.0,Semiurban,Y,791
LP001798,Male,Yes,2,Graduate,No,465520,400000.0,9600000.0,360.0,Rural,Y,739
LP001800,Male,Yes,1,Not Graduate,No,200800,158640.0,11200000.0,180.0,Urban,N,792
LP001806,Male,No,0,Graduate,No,237200,456080.0,12400000.0,60.0,Urban,Y,681
LP001807,Male,Yes,2,Graduate,Yes,500000,104000.0,8640000.0,360.0,Rural,Y,808
LP001811,Male,Yes,0,Not Graduate,No,272480,353360.0,9840000.0,360.0,Semiurban,Y,727
LP001813,Male,No,0,Graduate,Yes,484000,346640.0,9600000.0,180.0,Urban,N,819
LP001814,Male,Yes,2,Graduate,No,776240,0.0,8960000.0,360.0,Urban,Y,716
LP001819,Male,Yes,1,Not Graduate,No,528640,0.0,10960000.0,180.0,Urban,Y,839
LP001824,Male,Yes,1,Graduate,No,230560,147440.0,9840000.0,480.0,Semiurban,Y,688
LP001825,Male,Yes,0,Graduate,No,144720,149440.0,7200000.0,360.0,Urban,Y,778
LP001835,Male,Yes,0,Not Graduate,No,133440,311200.0,16080000.0,360.0,Semiurban,N,446
LP001836,Female,No,2,Graduate,No,274160,0.0,11040000.0,360.0,Urban,N,727
LP001841,Male,No,0,Not Graduate,Yes,206640,173360.0,8320000.0,360.0,Rural,Y,810
LP001843,Male,Yes,1,Not Graduate,No,212880,568080.0,22320000.0,180.0,Semiurban,Y,827
LP001844,Male,No,0,Graduate,Yes,1300000,0.0,15360000.0,360.0,Urban,N,451
LP001846,Female,No,3+,Graduate,No,246640,0.0,20400000.0,360.0,Rural,Y,733
LP001849,Male,No,0,Not Graduate,No,483600,0.0,9200000.0,360.0,Rural,N,419
LP001854,Male,Yes,3+,Graduate,No,420000,0.0,7520000.0,360.0,Urban,N,840
LP001859,Male,Yes,0,Graduate,No,1174640,168000.0,24320000.0,360.0,Rural,N,831
LP001864,Male,Yes,3+,Not Graduate,No,394480,0.0,10240000.0,360.0,Semiurban,N,615
LP001865,Male,Yes,1,Graduate,No,486640,340000.0,26400000.0,360.0,Urban,Y,574
LP001868,Male,No,0,Graduate,No,164800,176720.0,10720000.0,360.0,Semiurban,Y,792
LP001870,Female,No,1,Graduate,No,278480,0.0,12400000.0,36.0,Semiurban,N,843
LP001871,Female,No,0,Graduate,No,576000,0.0,9600000.0,360.0,Rural,Y,845
LP001872,Male,No,0,Graduate,Yes,413280,0.0,10240000.0,360.0,Semiurban,Y,783
LP001875,Male,No,0,Graduate,No,327600,275760.0,12080000.0,360.0,Rural,Y,763
LP001877,Male,Yes,2,Graduate,No,376640,110960.0,12000000.0,360.0,Semiurban,Y,791
LP001882,Male,Yes,3+,Graduate,No,346640,144880.0,12800000.0,360.0,Urban,Y,398
LP001883,Female,No,0,Graduate,,273440,0.0,10800000.0,360.0,Rural,N,832
LP001884,Female,No,1,Graduate,No,230080,124800.0,7200000.0,360.0,Urban,Y,772
LP001888,Female,No,0,Graduate,No,258960,0.0,2400000.0,360.0,Urban,Y,825
LP001891,Male,Yes,0,Graduate,No,891680,0.0,10880000.0,360.0,Urban,Y,807
LP001892,Male,No,0,Graduate,No,226640,148560.0,10080000.0,360.0,Rural,Y,789
LP001894,Male,Yes,0,Graduate,No,209600,177840.0,12000000.0,360.0,Semiurban,Y,761
LP001896,Male,Yes,2,Graduate,No,312000,0.0,7200000.0,360.0,Semiurban,Y,733
LP001900,Male,Yes,1,Graduate,No,220000,147360.0,9200000.0,360.0,Semiurban,Y,842
LP001903,Male,Yes,0,Graduate,No,319440,261920.0,16560000.0,360.0,Semiurban,Y,848
LP001904,Male,Yes,0,Graduate,No,248240,104000.0,6400000.0,360.0,Urban,Y,840
LP001907,Male,Yes,0,Graduate,No,1166640,0.0,34880000.0,360.0,Semiurban,Y,747
LP001908,Female,Yes,0,Not Graduate,No,328000,0.0,9920000.0,360.0,Rural,Y,532
LP001910,Male,No,1,Not Graduate,Yes,324240,194080.0,12640000.0,360.0,Urban,N,576
LP001914,Male,Yes,0,Graduate,No,314160,64000.0,8960000.0,360.0,Semiurban,Y,727
LP001915,Male,Yes,2,Graduate,No,184080,78863.999024,6240000.0,180.0,Urban,Y,827
LP001917,Female,No,0,Graduate,No,144880,133280.0,4320000.0,360.0,Urban,Y,807
LP001922,Male,Yes,0,Graduate,No,1653360,0.0,,360.0,Rural,N,815
LP001924,Male,No,0,Graduate,No,252640,244240.0,7120000.0,360.0,Rural,Y,814
LP001925,Female,No,0,Graduate,Yes,208000,137360.0,7920000.0,300.0,Semiurban,N,824
LP001926,Male,Yes,0,Graduate,No,296320,160000.0,9600000.0,360.0,Rural,Y,807
LP001931,Female,No,0,Graduate,No,329920,0.0,9200000.0,360.0,Semiurban,Y,712
LP001935,Male,No,0,Graduate,No,760640,0.0,14960000.0,360.0,Rural,Y,794
LP001936,Male,Yes,0,Graduate,No,246000,193280.0,11120000.0,360.0,Rural,Y,798
LP001938,Male,Yes,2,Graduate,No,352000,0.0,10160000.0,360.0,Semiurban,N,321
LP001940,Male,Yes,2,Graduate,No,252240,124800.0,10720000.0,360.0,Urban,Y,837
LP001945,Female,No,,Graduate,No,433360,0.0,11440000.0,480.0,Urban,N,337
LP001947,Male,Yes,0,Graduate,No,190640,266720.0,13760000.0,360.0,Semiurban,Y,788
LP001949,Male,Yes,3+,Graduate,,353280,100000.0,8800000.0,360.0,Urban,Y,730
LP001953,Male,Yes,1,Graduate,No,550000,0.0,16000000.0,360.0,Semiurban,Y,687
LP001954,Female,Yes,1,Graduate,No,373280,0.0,10800000.0,360.0,Urban,Y,706
LP001955,Female,No,0,Graduate,No,400000,203280.0,12080000.0,480.0,Rural,N,706
LP001963,Male,Yes,1,Graduate,No,161120,234000.0,9040000.0,360.0,Urban,N,700
LP001964,Male,Yes,0,Not Graduate,No,144000,234720.0,7440000.0,360.0,Urban,N,585
LP001972,Male,Yes,,Not Graduate,No,230000,140000.0,8400000.0,360.0,Semiurban,Y,776
LP001974,Female,No,0,Graduate,No,400000,0.0,10560000.0,360.0,Rural,Y,707
LP001977,Male,Yes,1,Graduate,No,130000,144240.0,7680000.0,360.0,Urban,Y,790
LP001978,Male,No,0,Graduate,No,320000,200000.0,11200000.0,360.0,Rural,Y,740
LP001990,Male,No,0,Not Graduate,No,160000,0.0,,360.0,Urban,N,727
LP001993,Female,No,0,Graduate,No,300960,133280.0,10800000.0,360.0,Rural,Y,826
LP001994,Female,No,0,Graduate,No,192000,149040.0,8320000.0,360.0,Urban,N,303
LP001996,Male,No,0,Graduate,No,1618640,0.0,38400000.0,360.0,Rural,N,714
LP001998,Male,Yes,2,Not Graduate,No,613360,0.0,14800000.0,360.0,Rural,Y,691
LP002002,Female,No,0,Graduate,No,233360,0.0,6720000.0,360.0,Semiurban,Y,728
LP002004,Male,No,0,Not Graduate,No,234160,192400.0,8880000.0,360.0,Semiurban,Y,696
LP002006,Female,No,0,Graduate,No,200560,0.0,4480000.0,360.0,Rural,Y,837
LP002008,Male,Yes,2,Graduate,Yes,459680,0.0,11520000.0,84.0,Rural,Y,720
LP002024,,Yes,0,Graduate,No,197840,147440.0,12720000.0,360.0,Rural,N,725
LP002031,Male,Yes,1,Not Graduate,No,271920,131200.0,8880000.0,180.0,Urban,Y,796
LP002035,Male,Yes,2,Graduate,No,297360,0.0,9600000.0,360.0,Semiurban,Y,685
LP002036,Male,Yes,0,Graduate,No,164640,170720.0,7040000.0,360.0,Urban,Y,598
LP002043,Female,No,1,Graduate,No,283280,0.0,8960000.0,360.0,Semiurban,Y,623
LP002050,Male,Yes,1,Graduate,Yes,800000,0.0,12400000.0,360.0,Rural,N,716
LP002051,Male,Yes,0,Graduate,No,192000,173360.0,9200000.0,360.0,Semiurban,Y,703
LP002053,Male,Yes,3+,Graduate,No,347360,15120.0,9920000.0,360.0,Semiurban,Y,772
LP002054,Male,Yes,2,Not Graduate,No,288080,127200.0,,360.0,Rural,Y,725
LP002055,Female,No,0,Graduate,No,253280,238800.0,10560000.0,360.0,Rural,Y,680
LP002065,Male,Yes,3+,Graduate,No,1200000,0.0,24000000.0,360.0,Rural,Y,774
LP002067,Male,Yes,1,Graduate,Yes,693280,398640.0,30080000.0,360.0,Rural,N,398
LP002068,Male,No,0,Graduate,No,393360,0.0,10400000.0,360.0,Rural,Y,487
LP002082,Male,Yes,0,Graduate,Yes,465440,172800.0,14720000.0,360.0,Semiurban,Y,795
LP002086,Female,Yes,0,Graduate,No,346640,196080.0,8800000.0,360.0,Urban,N,839
LP002087,Female,No,0,Graduate,No,200000,0.0,5360000.0,360.0,Urban,Y,840
LP002097,Male,No,1,Graduate,No,350720,143440.0,9360000.0,360.0,Urban,Y,746
LP002098,Male,No,0,Graduate,No,234800,0.0,7840000.0,360.0,Semiurban,Y,807
LP002100,Male,No,,Graduate,No,226640,0.0,5680000.0,360.0,Urban,Y,697
LP002101,Male,Yes,0,Graduate,,5066960,0.0,39200000.0,180.0,Urban,Y,704
LP002103,,Yes,1,Graduate,Yes,786640,146640.0,14560000.0,180.0,Urban,Y,733
LP002106,Male,Yes,,Graduate,Yes,440240,359200.0,5600000.0,,Semiurban,Y,737
LP002110,Male,Yes,1,Graduate,,420000,55040.0,12800000.0,360.0,Rural,Y,746
LP002112,Male,Yes,2,Graduate,Yes,200000,368000.0,14080000.0,360.0,Rural,Y,783
LP002113,Female,No,3+,Not Graduate,No,146400,0.0,,360.0,Urban,N,473
LP002114,Female,No,0,Graduate,No,332800,0.0,5680000.0,360.0,Semiurban,Y,703
LP002115,Male,Yes,3+,Not Graduate,No,211760,126960.0,13840000.0,360.0,Rural,N,793
LP002116,Female,No,0,Graduate,No,190240,0.0,3680000.0,360.0,Rural,N,711
LP002119,Male,Yes,1,Not Graduate,No,364320,98320.0,12640000.0,360.0,Urban,Y,765
LP002126,Male,Yes,3+,Not Graduate,No,253840,0.0,5920000.0,360.0,Semiurban,Y,830
LP002128,Male,Yes,2,Graduate,,206640,186400.0,10000000.0,360.0,Rural,Y,806
LP002129,Male,Yes,0,Graduate,No,199920,196640.0,12800000.0,360.0,Semiurban,Y,834
LP002130,Male,Yes,,Not Graduate,No,281840,258400.0,12160000.0,360.0,Rural,N,572
LP002131,Male,Yes,2,Not Graduate,No,246640,173440.0,10080000.0,360.0,Urban,Y,783
LP002137,Male,Yes,0,Graduate,No,506640,366640.0,20720000.0,360.0,Semiurban,Y,660
LP002138,Male,Yes,0,Graduate,No,210000,500000.0,14960000.0,360.0,Rural,Y,816
LP002139,Male,Yes,0,Graduate,No,726640,0.0,18240000.0,360.0,Semiurban,Y,722
LP002140,Male,No,0,Graduate,No,700000,333360.0,24640000.0,360.0,Rural,N,718
LP002141,Male,Yes,3+,Graduate,No,213280,166640.0,7600000.0,360.0,Rural,Y,849
LP002142,Female,Yes,0,Graduate,Yes,440000,0.0,8400000.0,360.0,Rural,N,546
LP002143,Female,Yes,0,Graduate,No,193840,40400.0,10400000.0,360.0,Semiurban,Y,705
LP002144,Female,No,,Graduate,No,305040,0.0,9280000.0,180.0,Urban,Y,778
LP002149,Male,Yes,2,Graduate,No,666640,253360.0,13200000.0,360.0,Rural,Y,729
LP002151,Male,Yes,1,Graduate,No,310000,0.0,5360000.0,360.0,Urban,N,832
LP002158,Male,Yes,0,Not Graduate,No,240000,133280.0,8000000.0,480.0,Urban,N,312
LP002160,Male,Yes,3+,Graduate,No,413360,253360.0,16000000.0,360.0,Semiurban,Y,739
LP002161,Female,No,1,Graduate,No,377840,0.0,6480000.0,360.0,Semiurban,N,814
LP002170,Male,Yes,2,Graduate,No,400000,293360.0,18880000.0,360.0,Semiurban,Y,736
LP002175,Male,Yes,0,Graduate,No,380000,186640.0,10400000.0,360.0,Urban,Y,715
LP002178,Male,Yes,0,Graduate,No,241040,242640.0,7600000.0,300.0,Urban,Y,672
LP002180,Male,No,0,Graduate,Yes,545760,0.0,11280000.0,360.0,Rural,Y,699
LP002181,Male,No,0,Not Graduate,No,497280,0.0,10640000.0,360.0,Rural,N,744
LP002187,Male,No,0,Graduate,No,200000,0.0,7680000.0,480.0,Semiurban,N,687
LP002188,Male,No,0,Graduate,No,409920,0.0,9920000.0,,Rural,N,441
LP002190,Male,Yes,1,Graduate,No,506000,0.0,14000000.0,360.0,Semiurban,Y,794
LP002191,Male,Yes,0,Graduate,No,1578400,421280.0,45600000.0,360.0,Rural,N,822
LP002194,Female,No,0,Graduate,Yes,1260720,0.0,4400000.0,360.0,Semiurban,Y,771
LP002197,Male,Yes,2,Graduate,No,414800,0.0,12400000.0,360.0,Semiurban,Y,777
LP002201,Male,Yes,2,Graduate,Yes,745840,629840.0,30400000.0,300.0,Rural,Y,745
LP002205,Male,No,1,Graduate,No,244960,158960.0,8880000.0,180.0,Urban,N,587
LP002209,Female,No,0,Graduate,,221120,116720.0,8800000.0,360.0,Urban,Y,765
LP002211,Male,Yes,0,Graduate,No,385360,73840.0,9600000.0,180.0,Urban,Y,730
LP002219,Male,Yes,3+,Graduate,No,700000,399680.0,10400000.0,360.0,Rural,Y,832
LP002223,Male,Yes,0,Graduate,No,344800,0.0,10400000.0,360.0,Semiurban,Y,685
LP002224,Male,No,0,Graduate,No,245520,0.0,5680000.0,480.0,Urban,N,742
LP002225,Male,Yes,2,Graduate,No,431280,0.0,10400000.0,360.0,Urban,Y,804
LP002226,Male,Yes,0,Graduate,,266640,200000.0,10240000.0,360.0,Semiurban,Y,829
LP002229,Male,No,0,Graduate,No,475280,338560.0,23680000.0,360.0,Semiurban,Y,737
LP002231,Female,No,0,Graduate,No,480000,0.0,12480000.0,360.0,Urban,Y,737
LP002234,Male,No,0,Graduate,Yes,573360,0.0,10240000.0,360.0,Urban,Y,765
LP002236,Male,Yes,2,Graduate,No,365280,0.0,8000000.0,360.0,Urban,N,728
LP002237,Male,No,1,Graduate,,293360,0.0,9040000.0,180.0,Urban,Y,849
LP002239,Male,No,0,Not Graduate,No,187680,128000.0,10560000.0,360.0,Semiurban,Y,749
LP002243,Male,Yes,0,Not Graduate,No,240800,250880.0,,360.0,Urban,N,570
LP002244,Male,Yes,0,Graduate,No,186640,193360.0,10880000.0,360.0,Urban,Y,733
LP002250,Male,Yes,0,Graduate,No,439040,0.0,10000000.0,360.0,Rural,Y,780
LP002255,Male,No,3+,Graduate,No,733360,0.0,14800000.0,360.0,Rural,Y,687
LP002262,Male,Yes,3+,Graduate,No,760320,0.0,22000000.0,360.0,Rural,Y,732
LP002263,Male,Yes,0,Graduate,No,206640,169200.0,9600000.0,360.0,Urban,Y,559
LP002265,Male,Yes,2,Not Graduate,No,159440,130000.0,9040000.0,180.0,Semiurban,Y,787
LP002266,Male,Yes,2,Graduate,No,248000,112000.0,9040000.0,360.0,Urban,Y,684
LP002272,Male,Yes,2,Graduate,No,262080,38720.0,10800000.0,360.0,Semiurban,Y,602
LP002277,Female,No,0,Graduate,No,254400,0.0,5680000.0,360.0,Urban,N,495
LP002281,Male,Yes,0,Graduate,No,242640,116720.0,7600000.0,360.0,Urban,Y,685
LP002284,Male,No,0,Not Graduate,No,312160,133280.0,8720000.0,360.0,Rural,Y,788
LP002287,Female,No,0,Graduate,No,120000,144000.0,8240000.0,360.0,Semiurban,N,649
LP002288,Male,Yes,2,Not Graduate,No,231120,0.0,3600000.0,180.0,Urban,N,346
LP002296,Male,No,0,Not Graduate,No,220400,0.0,5200000.0,300.0,Rural,N,778
LP002297,Male,No,0,Graduate,No,200000,1600000.0,8240000.0,360.0,Semiurban,Y,734
LP002300,Female,No,0,Not Graduate,No,157040,0.0,4240000.0,360.0,Semiurban,Y,847
LP002301,Female,No,0,Graduate,Yes,595280,0.0,15520000.0,360.0,Rural,N,731
LP002305,Female,No,0,Graduate,No,363760,0.0,9200000.0,360.0,Semiurban,Y,823
LP002308,Male,Yes,0,Not Graduate,No,173360,192000.0,9200000.0,360.0,Urban,Y,692
LP002314,Female,No,0,Not Graduate,No,177040,0.0,5280000.0,360.0,Rural,Y,793
LP002315,Male,Yes,1,Graduate,No,664000,0.0,12160000.0,300.0,Semiurban,N,423
LP002317,Male,Yes,3+,Graduate,No,6480000,0.0,28800000.0,360.0,Rural,N,405
LP002318,Female,No,1,Not Graduate,Yes,309360,0.0,4960000.0,360.0,Semiurban,N,837
LP002319,Male,Yes,0,Graduate,,500480,0.0,12800000.0,360.0,Urban,Y,646
LP002328,Male,Yes,0,Not Graduate,No,487680,0.0,17440000.0,360.0,Rural,N,444
LP002332,Male,Yes,0,Not Graduate,No,180240,162640.0,8800000.0,360.0,Rural,Y,799
LP002335,Female,Yes,0,Not Graduate,No,171920,258960.0,14240000.0,360.0,Semiurban,N,618
LP002337,Female,No,0,Graduate,No,239600,0.0,4800000.0,360.0,Urban,Y,698
LP002341,Female,No,1,Graduate,No,208000,0.0,12800000.0,360.0,Urban,N,771
LP002342,Male,Yes,2,Graduate,Yes,128000,1600000.0,19120000.0,360.0,Urban,N,737
LP002345,Male,Yes,0,Graduate,No,82000,221840.0,8960000.0,360.0,Rural,Y,769
LP002347,Male,Yes,0,Graduate,No,259680,113360.0,11040000.0,360.0,Semiurban,Y,796
LP002348,Male,Yes,0,Graduate,No,466320,0.0,11040000.0,360.0,Rural,Y,741
LP002357,Female,No,0,Not Graduate,No,217600,0.0,6400000.0,,Urban,N,578
LP002361,Male,Yes,0,Graduate,No,145600,137520.0,8000000.0,360.0,Urban,Y,806
LP002362,Male,Yes,1,Graduate,No,580000,133360.0,8800000.0,,Urban,N,428
LP002364,Male,Yes,0,Graduate,No,1190400,0.0,7680000.0,360.0,Semiurban,Y,737
LP002366,Male,Yes,0,Graduate,No,213280,344000.0,9680000.0,360.0,Rural,Y,801
LP002367,Female,No,1,Not Graduate,No,368480,0.0,6480000.0,360.0,Rural,N,680
LP002368,Male,Yes,2,Graduate,No,474800,0.0,10640000.0,360.0,Semiurban,Y,713
LP002369,Male,Yes,0,Graduate,No,233600,1289.6000672,6960000.0,360.0,Rural,Y,775
LP002370,Male,No,0,Not Graduate,No,217360,0.0,4800000.0,180.0,Urban,Y,805
LP002377,Female,No,1,Graduate,Yes,689920,0.0,12000000.0,360.0,Semiurban,Y,797
LP002379,Male,No,0,Graduate,No,520000,0.0,8400000.0,360.0,Rural,N,347
LP002386,Male,No,0,Graduate,,1030080,0.0,32400000.0,360.0,Semiurban,Y,768
LP002387,Male,Yes,0,Graduate,No,194000,187200.0,11440000.0,360.0,Semiurban,Y,796
LP002390,Male,No,0,Graduate,No,300000,0.0,8000000.0,360.0,Urban,Y,808
LP002393,Female,,,Graduate,No,803760,0.0,,240.0,Semiurban,Y,695
LP002398,Male,No,0,Graduate,No,154080,148080.0,4000000.0,360.0,Semiurban,Y,748
LP002401,Male,Yes,0,Graduate,No,177040,90000.0,,360.0,Urban,Y,701
LP002403,Male,No,0,Graduate,Yes,833280,0.0,14960000.0,360.0,Urban,N,648
LP002407,Female,Yes,0,Not Graduate,Yes,571360,0.0,11040000.0,360.0,Rural,Y,755
LP002408,Male,No,0,Graduate,No,292800,405120.0,14960000.0,360.0,Semiurban,Y,833
LP002409,Male,Yes,0,Graduate,No,632080,146640.0,14400000.0,360.0,Rural,Y,823
LP002418,Male,No,3+,Not Graduate,No,376560,159440.0,11840000.0,360.0,Semiurban,Y,765
LP002422,Male,No,1,Graduate,No,3017520,0.0,12160000.0,360.0,Semiurban,Y,708
LP002424,Male,Yes,0,Graduate,No,586640,666640.0,14000000.0,300.0,Rural,Y,705
LP002429,Male,Yes,1,Graduate,Yes,277280,96800.0,10400000.0,360.0,Rural,Y,748
LP002434,Male,Yes,2,Not Graduate,No,372160,0.0,8800000.0,360.0,Rural,Y,726
LP002435,Male,Yes,0,Graduate,,283120,110080.0,4400000.0,360.0,Rural,N,773
LP002443,Male,Yes,2,Graduate,No,267200,136800.0,12000000.0,360.0,Rural,N,537
LP002444,Male,No,1,Not Graduate,Yes,221520,123360.0,15200000.0,360.0,Semiurban,N,689
LP002446,Male,Yes,2,Not Graduate,No,184720,100400.0,10000000.0,360.0,Rural,N,503
LP002447,Male,Yes,2,Not Graduate,No,156640,116480.0,4800000.0,300.0,Urban,Y,643
LP002448,Male,Yes,0,Graduate,No,315840,138640.0,11920000.0,360.0,Rural,N,517
LP002449,Male,Yes,0,Graduate,No,198640,197280.0,7200000.0,180.0,Rural,Y,640
LP002453,Male,No,0,Graduate,Yes,566800,0.0,6720000.0,360.0,Semiurban,Y,718
LP002455,Male,Yes,2,Graduate,No,308720,0.0,7680000.0,360.0,Semiurban,Y,779
LP002459,Male,Yes,0,Graduate,No,344080,0.0,9440000.0,360.0,Urban,Y,712
LP002467,Male,Yes,0,Graduate,No,296640,205520.0,13840000.0,360.0,Urban,N,780
LP002472,Male,No,2,Graduate,No,348320,0.0,10880000.0,360.0,Rural,Y,702
LP002473,Male,Yes,0,Graduate,No,666720,0.0,12800000.0,360.0,Semiurban,N,689
LP002478,,Yes,0,Graduate,Yes,166640,326640.0,12800000.0,360.0,Semiurban,Y,745
LP002484,Male,Yes,3+,Graduate,No,619200,0.0,10240000.0,180.0,Urban,Y,748
LP002487,Male,Yes,0,Graduate,No,241200,175040.0,12240000.0,360.0,Rural,Y,779
LP002489,Female,No,1,Not Graduate,,415280,0.0,10560000.0,360.0,Semiurban,Y,713
LP002493,Male,No,0,Graduate,No,333280,0.0,7840000.0,360.0,Semiurban,N,479
LP002494,Male,No,0,Graduate,No,480000,0.0,11200000.0,360.0,Rural,Y,817
LP002500,Male,Yes,3+,Not Graduate,No,235760,133120.0,5600000.0,180.0,Urban,N,549
LP002501,,Yes,0,Graduate,No,1335360,0.0,8800000.0,360.0,Semiurban,Y,826
LP002502,Female,Yes,2,Not Graduate,,16800,233360.0,7840000.0,360.0,Semiurban,Y,775
LP002505,Male,Yes,0,Graduate,No,346640,196080.0,8800000.0,360.0,Urban,N,680
LP002515,Male,Yes,1,Graduate,Yes,276000,166320.0,12960000.0,360.0,Semiurban,Y,748
LP002517,Male,Yes,1,Not Graduate,No,212240,120000.0,9040000.0,180.0,Rural,N,303
LP002519,Male,Yes,3+,Graduate,No,375280,0.0,8000000.0,360.0,Semiurban,Y,695
LP002522,Female,No,0,Graduate,Yes,200000,0.0,7440000.0,360.0,Urban,Y,523
LP002524,Male,No,2,Graduate,No,442560,371840.0,12960000.0,360.0,Rural,Y,759
LP002527,Male,Yes,2,Graduate,Yes,1322000,81120.0,12000000.0,360.0,Rural,Y,681
LP002529,Male,Yes,2,Graduate,No,536000,140000.0,18400000.0,300.0,Semiurban,Y,807
LP002530,,Yes,2,Graduate,No,229840,149760.0,10560000.0,360.0,Semiurban,N,459
LP002531,Male,Yes,1,Graduate,Yes,1333360,180000.0,6880000.0,360.0,Semiurban,Y,763
LP002533,Male,Yes,2,Graduate,No,235760,128240.0,,360.0,Urban,N,831
LP002534,Female,No,0,Not Graduate,No,348000,0.0,12320000.0,360.0,Rural,Y,819
LP002536,Male,Yes,3+,Not Graduate,No,247600,0.0,9040000.0,360.0,Rural,Y,842
LP002537,Male,Yes,0,Graduate,No,166640,252000.0,10240000.0,360.0,Semiurban,Y,803
LP002541,Male,Yes,0,Graduate,No,866640,0.0,18720000.0,360.0,Semiurban,Y,712
LP002543,Male,Yes,2,Graduate,No,666640,0.0,19680000.0,360.0,Semiurban,Y,840
LP002544,Male,Yes,1,Not Graduate,No,156640,194880.0,10480000.0,360.0,Rural,Y,780
LP002545,Male,No,2,Graduate,No,283760,0.0,6400000.0,360.0,Rural,N,567
LP002547,Male,Yes,1,Graduate,No,1466640,0.0,40000000.0,360.0,Urban,N,746
LP002555,Male,Yes,2,Graduate,Yes,366640,166640.0,12800000.0,360.0,Semiurban,Y,744
LP002556,Male,No,0,Graduate,No,194800,0.0,6000000.0,360.0,Urban,N,840
LP002560,Male,No,0,Not Graduate,No,215920,222800.0,7680000.0,360.0,Semiurban,Y,667
LP002562,Male,Yes,1,Not Graduate,No,426640,90480.0,14880000.0,360.0,Urban,Y,573
LP002571,Male,No,0,Not Graduate,No,295280,0.0,8800000.0,360.0,Rural,Y,722
LP002582,Female,No,0,Not Graduate,Yes,1381040,0.0,18000000.0,360.0,Semiurban,Y,723
LP002585,Male,Yes,0,Graduate,No,287760,172560.0,9520000.0,360.0,Rural,N,584
LP002586,Female,Yes,1,Graduate,No,266080,73040.0,8400000.0,84.0,Semiurban,Y,820
LP002587,Male,Yes,0,Not Graduate,No,208000,136000.0,8560000.0,360.0,Rural,Y,691
LP002588,Male,Yes,0,Graduate,No,370000,228560.0,8880000.0,12.0,Urban,Y,594
LP002600,Male,Yes,1,Graduate,Yes,231600,0.0,7600000.0,360.0,Semiurban,Y,725
LP002602,Male,No,0,Graduate,No,502640,353280.0,16720000.0,360.0,Rural,N,552
LP002603,Female,No,0,Graduate,No,51600,294640.0,9040000.0,480.0,Rural,Y,714
LP002606,Female,No,0,Graduate,No,252720,0.0,8000000.0,360.0,Semiurban,Y,760
LP002615,Male,Yes,2,Graduate,No,389200,449920.0,16640000.0,360.0,Semiurban,Y,769
LP002618,Male,Yes,1,Not Graduate,No,324000,424160.0,11040000.0,360.0,Rural,N,507
LP002619,Male,Yes,0,Not Graduate,No,305120,118640.0,9920000.0,300.0,Semiurban,Y,772
LP002622,Male,Yes,2,Graduate,No,280800,353280.0,19440000.0,360.0,Rural,Y,833
LP002624,Male,Yes,0,Graduate,No,1666640,533360.0,38400000.0,360.0,Urban,Y,701
LP002625,,No,0,Graduate,No,286640,0.0,7680000.0,360.0,Urban,N,769
LP002626,Male,Yes,0,Graduate,Yes,198320,241040.0,15040000.0,360.0,Urban,Y,841
LP002634,Female,No,1,Graduate,No,1060960,0.0,3200000.0,360.0,Urban,Y,794
LP002637,Male,No,0,Not Graduate,No,287840,102960.0,8000000.0,360.0,Rural,N,784
LP002640,Male,Yes,1,Graduate,No,485200,160320.0,20000000.0,360.0,Semiurban,Y,814
LP002643,Male,Yes,2,Graduate,No,262640,162800.0,11840000.0,360.0,Urban,Y,737
LP002648,Male,Yes,0,Graduate,No,170400,533280.0,5600000.0,180.0,Semiurban,N,793
LP002652,Male,No,0,Graduate,No,465200,293280.0,24880000.0,360.0,Rural,N,754
LP002659,Male,Yes,3+,Graduate,No,277280,274240.0,12000000.0,360.0,Rural,Y,836
LP002670,Female,Yes,2,Graduate,No,162480,130560.0,9040000.0,480.0,Semiurban,Y,799
LP002682,Male,Yes,,Not Graduate,No,245920,144000.0,9840000.0,360.0,Semiurban,N,516
LP002683,Male,No,0,Graduate,No,374640,153200.0,14800000.0,360.0,Semiurban,N,700
LP002684,Female,No,0,Not Graduate,No,272000,0.0,7600000.0,360.0,Rural,N,843
LP002689,Male,Yes,2,Not Graduate,No,175360,139360.0,3600000.0,360.0,Semiurban,Y,817
LP002690,Male,No,0,Graduate,No,200000,0.0,4400000.0,360.0,Semiurban,Y,780
LP002692,Male,Yes,3+,Graduate,Yes,454160,113920.0,8000000.0,360.0,Rural,Y,831
LP002693,Male,Yes,2,Graduate,Yes,635840,573280.0,38400000.0,360.0,Rural,Y,778
LP002697,Male,No,0,Graduate,No,374400,166960.0,,360.0,Semiurban,N,715
LP002699,Male,Yes,2,Graduate,Yes,1400000,0.0,32000000.0,360.0,Rural,Y,775
LP002705,Male,Yes,0,Graduate,No,302000,0.0,8800000.0,360.0,Semiurban,Y,831
LP002706,Male,Yes,1,Not Graduate,No,422800,114400.0,12880000.0,360.0,Semiurban,Y,450
LP002714,Male,No,1,Not Graduate,No,214320,104160.0,7520000.0,360.0,Semiurban,Y,716
LP002716,Male,No,0,Not Graduate,No,542640,0.0,10400000.0,360.0,Semiurban,Y,691
LP002717,Male,Yes,0,Graduate,No,82000,440000.0,17280000.0,360.0,Rural,Y,612
LP002720,Male,Yes,3+,Graduate,No,342480,0.0,8000000.0,360.0,Urban,Y,692
LP002723,Male,No,2,Graduate,No,287040,0.0,8800000.0,360.0,Rural,N,578
LP002729,Male,No,1,Graduate,No,900000,0.0,15680000.0,360.0,Semiurban,N,716
LP002731,Female,No,0,Not Graduate,Yes,1453200,0.0,10000000.0,360.0,Urban,Y,778
LP002732,Male,No,0,Not Graduate,,204000,163360.0,10080000.0,360.0,Rural,Y,784
LP002734,Male,Yes,0,Graduate,No,490640,312480.0,25920000.0,360.0,Urban,Y,709
LP002738,Male,No,2,Graduate,No,289360,0.0,8560000.0,360.0,Semiurban,Y,696
LP002739,Male,Yes,0,Not Graduate,No,233360,42880.0,5280000.0,360.0,Rural,N,792
LP002740,Male,Yes,3+,Graduate,No,513360,0.0,12560000.0,180.0,Rural,Y,741
LP002741,Female,Yes,1,Graduate,No,368640,227600.0,11200000.0,180.0,Semiurban,Y,763
LP002743,Female,No,0,Graduate,No,171040,0.0,7920000.0,360.0,Semiurban,N,516
LP002753,Female,No,1,Graduate,,292160,0.0,7600000.0,360.0,Semiurban,Y,765
LP002755,Male,Yes,1,Not Graduate,No,179120,201920.0,10240000.0,360.0,Urban,Y,820
LP002757,Female,Yes,0,Not Graduate,No,241360,53040.0,8160000.0,360.0,Semiurban,Y,686
LP002767,Male,Yes,0,Graduate,No,221440,156000.0,12400000.0,360.0,Rural,Y,698
LP002768,Male,No,0,Not Graduate,No,268640,0.0,6400000.0,36.0,Semiurban,N,779
LP002772,Male,No,0,Graduate,No,202080,142640.0,11600000.0,360.0,Rural,Y,819
LP002776,Female,No,0,Graduate,No,400000,0.0,8240000.0,360.0,Semiurban,N,532
LP002777,Male,Yes,0,Graduate,No,222800,161280.0,8800000.0,360.0,Rural,Y,826
LP002778,Male,Yes,2,Graduate,Yes,530640,0.0,,360.0,Rural,N,375
LP002784,Male,Yes,1,Not Graduate,No,199360,190000.0,,360.0,Rural,Y,688
LP002785,Male,Yes,1,Graduate,No,266640,260000.0,12640000.0,360.0,Urban,Y,707
LP002788,Male,Yes,0,Not Graduate,No,196320,186640.0,14480000.0,360.0,Urban,N,505
LP002789,Male,Yes,0,Graduate,No,287440,341280.0,10560000.0,180.0,Rural,N,522
LP002792,Male,Yes,1,Graduate,No,437440,82560.0,2080000.0,360.0,Semiurban,Y,807
LP002794,Female,No,0,Graduate,No,213360,130000.0,6720000.0,360.0,Urban,Y,551
LP002795,Male,Yes,3+,Graduate,Yes,811120,0.0,20800000.0,360.0,Semiurban,Y,762
LP002798,Male,Yes,0,Graduate,No,310960,213520.0,12960000.0,360.0,Semiurban,Y,790
LP002804,Female,Yes,0,Graduate,No,334400,184480.0,14560000.0,360.0,Semiurban,Y,823
LP002807,Male,Yes,2,Not Graduate,No,294000,19360.0,8640000.0,360.0,Semiurban,Y,796
LP002813,Female,Yes,1,Graduate,Yes,1558720,0.0,48000000.0,360.0,Semiurban,Y,748
LP002820,Male,Yes,0,Graduate,No,473840,164320.0,16880000.0,360.0,Rural,Y,778
LP002821,Male,No,0,Not Graduate,Yes,464000,0.0,10560000.0,360.0,Semiurban,Y,819
LP002832,Male,Yes,2,Graduate,No,703920,0.0,20640000.0,360.0,Urban,N,324
LP002833,Male,Yes,0,Not Graduate,No,357360,0.0,9600000.0,360.0,Rural,Y,679
LP002836,Male,No,0,Graduate,No,266640,0.0,5600000.0,360.0,Urban,Y,802
LP002837,Male,Yes,3+,Graduate,No,272000,200000.0,9840000.0,360.0,Rural,N,352
LP002840,Female,No,0,Graduate,No,190240,0.0,720000.0,360.0,Urban,N,830
LP002841,Male,Yes,0,Graduate,No,253280,165120.0,8320000.0,360.0,Urban,N,443
LP002842,Male,Yes,1,Graduate,No,273360,140000.0,14880000.0,360.0,Urban,Y,736
LP002847,Male,Yes,,Graduate,No,409280,116080.0,13200000.0,360.0,Urban,N,338
LP002855,Male,Yes,2,Graduate,No,1333280,0.0,22000000.0,360.0,Urban,Y,788
LP002862,Male,Yes,2,Not Graduate,No,490000,130000.0,14960000.0,480.0,Semiurban,N,721
LP002863,Male,Yes,3+,Graduate,No,512480,0.0,12000000.0,360.0,Semiurban,N,846
LP002868,Male,Yes,2,Graduate,No,252720,36880.0,8640000.0,84.0,Urban,Y,821
LP002872,,Yes,0,Graduate,No,246960,176800.0,10880000.0,360.0,Semiurban,N,522
LP002874,Male,No,0,Graduate,No,258320,219120.0,8800000.0,360.0,Urban,Y,801
LP002877,Male,Yes,1,Graduate,No,142560,178560.0,8560000.0,360.0,Rural,Y,812
LP002888,Male,No,0,Graduate,,254560,233360.0,12880000.0,360.0,Urban,Y,842
LP002892,Male,Yes,2,Graduate,No,523200,0.0,16400000.0,360.0,Semiurban,Y,754
LP002893,Male,No,0,Graduate,No,146880,2706960.0,7200000.0,360.0,Urban,N,825
LP002894,Female,Yes,0,Graduate,No,253280,0.0,2880000.0,360.0,Semiurban,Y,755
LP002898,Male,Yes,1,Graduate,No,150400,0.0,4880000.0,360.0,Rural,N,508
LP002911,Male,Yes,1,Graduate,No,222960,153360.0,11680000.0,360.0,Rural,N,373
LP002912,Male,Yes,1,Graduate,No,342640,240000.0,13760000.0,84.0,Rural,N,824
LP002916,Male,Yes,0,Graduate,No,183760,121760.0,8320000.0,360.0,Urban,Y,686
LP002917,Female,No,0,Not Graduate,No,173200,0.0,5600000.0,360.0,Semiurban,Y,820
LP002925,,No,0,Graduate,No,380000,0.0,7520000.0,360.0,Semiurban,Y,847
LP002926,Male,Yes,2,Graduate,Yes,218080,0.0,8480000.0,360.0,Semiurban,N,469
LP002928,Male,Yes,0,Graduate,No,240000,273280.0,4480000.0,180.0,Semiurban,Y,816
LP002931,Male,Yes,2,Graduate,Yes,480000,0.0,16400000.0,240.0,Semiurban,N,706
LP002933,,No,3+,Graduate,Yes,748560,0.0,23360000.0,360.0,Semiurban,Y,801
LP002936,Male,Yes,0,Graduate,No,308720,264000.0,11360000.0,180.0,Rural,Y,684
LP002938,Male,Yes,0,Graduate,Yes,1289600,0.0,20800000.0,360.0,Urban,Y,708
LP002940,Male,No,0,Not Graduate,No,306640,0.0,8800000.0,360.0,Rural,Y,844
LP002941,Male,Yes,2,Not Graduate,Yes,510640,80000.0,14960000.0,360.0,Rural,N,845
LP002943,Male,No,,Graduate,No,238960,0.0,7040000.0,360.0,Semiurban,N,638
LP002945,Male,Yes,0,Graduate,Yes,797040,0.0,14400000.0,360.0,Rural,Y,815
LP002948,Male,Yes,2,Graduate,No,462400,0.0,15360000.0,360.0,Urban,Y,788
LP002949,Female,No,3+,Graduate,,33280,3333360.0,28000000.0,180.0,Urban,N,564
LP002950,Male,Yes,0,Not Graduate,,231520,223360.0,12400000.0,360.0,Rural,Y,765
LP002953,Male,Yes,3+,Graduate,No,456240,0.0,10240000.0,360.0,Urban,Y,824
LP002958,Male,No,0,Graduate,No,294080,344080.0,13760000.0,360.0,Rural,Y,750
LP002959,Female,Yes,1,Graduate,No,960000,0.0,39680000.0,360.0,Semiurban,Y,724
LP002960,Male,Yes,0,Not Graduate,No,192000,304000.0,,180.0,Urban,N,811
LP002961,Male,Yes,1,Graduate,No,272000,200000.0,13840000.0,360.0,Semiurban,Y,715
LP002964,Male,Yes,2,Not Graduate,No,318960,112880.0,12560000.0,360.0,Rural,Y,749
LP002974,Male,Yes,0,Graduate,No,258560,156000.0,8640000.0,360.0,Rural,Y,838
LP002978,Female,No,0,Graduate,No,232000,0.0,5680000.0,360.0,Rural,Y,698
LP002979,Male,Yes,3+,Graduate,No,328480,0.0,3200000.0,180.0,Rural,Y,787
LP002983,Male,Yes,1,Graduate,No,645760,19200.0,20240000.0,360.0,Urban,Y,846
LP002984,Male,Yes,2,Graduate,No,606640,0.0,14960000.0,360.0,Urban,Y,770
LP002990,Female,No,0,Graduate,Yes,366640,0.0,10640000.0,360.0,Semiurban,N,501
